Repeat,VAR2,Point,Device Voltage,Device Current,Device Time,LED Voltage,LED Current,LED Time,Device Current,,6.19E-07
1,1,1,2.00E+01,9.83E-09,2.42E-02,1.26E-02,-1.00E-12,2.42E-02,9.83E-09,,
1,1,2,2.00E+01,1.08E-08,5.82E-02,1.16E-02,1.00E-12,5.82E-02,1.08E-08,,
1,1,3,2.00E+01,1.05E-08,1.08E-01,7.97E-03,1.00E-12,1.08E-01,1.05E-08,,
1,1,4,2.00E+01,1.01E-08,1.59E-01,4.29E-03,1.00E-12,1.59E-01,1.01E-08,,
1,1,5,2.00E+01,9.72E-09,2.10E-01,8.36E-04,1.00E-12,2.10E-01,9.72E-09,,
1,1,6,2.00E+01,9.39E-09,2.61E-01,-2.26E-03,1.00E-12,2.61E-01,9.39E-09,,
1,1,7,2.00E+01,9.06E-09,3.11E-01,-5.45E-03,1.00E-12,3.11E-01,9.06E-09,,
1,1,8,2.00E+01,8.66E-09,3.62E-01,-7.89E-03,0.00E+00,3.62E-01,8.66E-09,,
1,1,9,2.00E+01,8.37E-09,4.13E-01,-9.58E-03,1.00E-12,4.13E-01,8.37E-09,,
1,1,10,2.00E+01,8.21E-09,4.63E-01,-1.25E-02,1.00E-12,4.63E-01,8.21E-09,,
1,1,11,2.00E+01,7.94E-09,5.14E-01,-1.39E-02,1.00E-12,5.14E-01,7.94E-09,,
1,1,12,2.00E+01,7.70E-09,5.75E-01,-1.59E-02,1.00E-12,5.75E-01,7.70E-09,,
1,1,13,2.00E+01,7.45E-09,6.26E-01,-1.77E-02,0.00E+00,6.26E-01,7.45E-09,,
1,1,14,2.00E+01,7.33E-09,6.78E-01,-1.94E-02,0.00E+00,6.78E-01,7.33E-09,,
1,1,15,2.00E+01,7.13E-09,7.29E-01,-2.13E-02,1.00E-12,7.29E-01,7.13E-09,,
1,1,16,2.00E+01,7.03E-09,7.80E-01,-2.33E-02,1.00E-12,7.80E-01,7.03E-09,,
1,1,17,2.00E+01,6.85E-09,8.31E-01,-2.53E-02,0.00E+00,8.31E-01,6.85E-09,,
1,1,18,2.00E+01,6.70E-09,8.82E-01,-2.71E-02,1.00E-12,8.82E-01,6.70E-09,,
1,1,19,2.00E+01,6.61E-09,9.33E-01,-2.89E-02,0.00E+00,9.33E-01,6.61E-09,,
1,1,20,2.00E+01,6.48E-09,9.83E-01,-3.06E-02,1.00E-12,9.83E-01,6.48E-09,,
1,1,21,2.00E+01,6.40E-09,1.03E+00,-3.22E-02,0.00E+00,1.03E+00,6.40E-09,,
1,1,22,2.00E+01,6.28E-09,1.08E+00,-3.36E-02,0.00E+00,1.08E+00,6.28E-09,,
1,1,23,2.00E+01,6.17E-09,1.14E+00,-3.48E-02,1.00E-12,1.14E+00,6.17E-09,,
1,1,24,2.00E+01,6.09E-09,1.19E+00,-3.58E-02,1.00E-12,1.19E+00,6.09E-09,,
1,1,25,2.00E+01,6.03E-09,1.24E+00,-3.73E-02,1.00E-12,1.24E+00,6.03E-09,,
1,1,26,2.00E+01,5.89E-09,1.29E+00,-3.86E-02,0.00E+00,1.29E+00,5.89E-09,,
1,1,27,2.00E+01,5.88E-09,1.34E+00,-3.98E-02,0.00E+00,1.34E+00,5.88E-09,,
1,1,28,2.00E+01,5.77E-09,1.39E+00,-4.08E-02,0.00E+00,1.39E+00,5.77E-09,,
1,1,29,2.00E+01,5.74E-09,1.44E+00,-4.20E-02,0.00E+00,1.44E+00,5.74E-09,,
1,1,30,2.00E+01,5.63E-09,1.49E+00,-4.31E-02,1.00E-12,1.49E+00,5.63E-09,,
1,1,31,2.00E+01,5.56E-09,1.54E+00,-4.44E-02,1.00E-12,1.54E+00,5.56E-09,,
1,1,32,2.00E+01,5.51E-09,1.59E+00,-4.54E-02,1.00E-12,1.59E+00,5.51E-09,,
1,1,33,2.00E+01,5.46E-09,1.64E+00,-4.67E-02,0.00E+00,1.64E+00,5.46E-09,,
1,1,34,2.00E+01,5.40E-09,1.69E+00,-4.78E-02,1.00E-12,1.69E+00,5.40E-09,,
1,1,35,2.00E+01,5.35E-09,1.74E+00,-4.89E-02,1.00E-12,1.74E+00,5.35E-09,,
1,1,36,2.00E+01,5.31E-09,1.79E+00,-5.03E-02,1.00E-12,1.79E+00,5.31E-09,,
1,1,37,2.00E+01,5.25E-09,1.85E+00,-5.15E-02,0.00E+00,1.85E+00,5.25E-09,,
1,1,38,2.00E+01,5.21E-09,1.90E+00,-5.28E-02,0.00E+00,1.90E+00,5.21E-09,,
1,1,39,2.00E+01,5.11E-09,1.95E+00,-5.41E-02,1.00E-12,1.95E+00,5.11E-09,,
1,1,40,2.00E+01,5.10E-09,2.00E+00,-5.55E-02,1.00E-12,2.00E+00,5.10E-09,,
1,1,41,2.00E+01,5.05E-09,2.05E+00,-5.68E-02,0.00E+00,2.05E+00,5.05E-09,,
1,1,42,2.00E+01,5.02E-09,2.10E+00,-5.79E-02,0.00E+00,2.10E+00,5.02E-09,,
1,1,43,2.00E+01,4.97E-09,2.15E+00,-5.93E-02,0.00E+00,2.15E+00,4.97E-09,,
1,1,44,2.00E+01,4.92E-09,2.20E+00,-6.07E-02,0.00E+00,2.20E+00,4.92E-09,,
1,1,45,2.00E+01,4.89E-09,2.25E+00,-6.20E-02,1.00E-12,2.25E+00,4.89E-09,,
1,1,46,2.00E+01,4.85E-09,2.30E+00,-6.32E-02,0.00E+00,2.30E+00,4.85E-09,,
1,1,47,2.00E+01,4.82E-09,2.35E+00,-6.43E-02,0.00E+00,2.35E+00,4.82E-09,,
1,1,48,2.00E+01,4.76E-09,2.41E+00,-6.55E-02,0.00E+00,2.41E+00,4.76E-09,,
1,1,49,2.00E+01,4.72E-09,2.46E+00,-6.69E-02,0.00E+00,2.46E+00,4.72E-09,,
1,1,50,2.00E+01,4.66E-09,2.51E+00,-6.81E-02,0.00E+00,2.51E+00,4.66E-09,,
1,1,51,2.00E+01,4.68E-09,2.56E+00,-6.94E-02,1.00E-12,2.56E+00,4.68E-09,,
1,1,52,2.00E+01,4.59E-09,2.61E+00,-7.06E-02,0.00E+00,2.61E+00,4.59E-09,,
1,1,53,2.00E+01,4.62E-09,2.66E+00,-7.18E-02,0.00E+00,2.66E+00,4.62E-09,,
1,1,54,2.00E+01,4.54E-09,2.71E+00,-7.29E-02,0.00E+00,2.71E+00,4.54E-09,,
1,1,55,2.00E+01,4.54E-09,2.76E+00,-7.41E-02,1.00E-12,2.76E+00,4.54E-09,,
1,1,56,2.00E+01,4.49E-09,2.81E+00,-7.53E-02,1.00E-12,2.81E+00,4.49E-09,,
1,1,57,2.00E+01,4.44E-09,2.86E+00,-7.65E-02,1.00E-12,2.86E+00,4.44E-09,,
1,1,58,2.00E+01,4.43E-09,2.91E+00,-7.80E-02,0.00E+00,2.91E+00,4.43E-09,,
1,1,59,2.00E+01,4.43E-09,2.96E+00,-7.95E-02,0.00E+00,2.96E+00,4.43E-09,,
1,1,60,2.00E+01,4.43E-09,3.02E+00,-8.08E-02,0.00E+00,3.02E+00,4.43E-09,,
1,1,61,2.00E+01,4.33E-09,3.07E+00,-8.21E-02,0.00E+00,3.07E+00,4.33E-09,,
1,1,62,2.00E+01,4.36E-09,3.12E+00,-8.35E-02,0.00E+00,3.12E+00,4.36E-09,,
1,1,63,2.00E+01,4.30E-09,3.17E+00,-8.48E-02,0.00E+00,3.17E+00,4.30E-09,,
1,1,64,2.00E+01,4.33E-09,3.22E+00,-8.60E-02,1.00E-12,3.22E+00,4.33E-09,,
1,1,65,2.00E+01,4.24E-09,3.27E+00,-8.71E-02,0.00E+00,3.27E+00,4.24E-09,,
1,1,66,2.00E+01,4.26E-09,3.32E+00,-8.85E-02,0.00E+00,3.32E+00,4.26E-09,,
1,1,67,2.00E+01,4.21E-09,3.37E+00,-8.97E-02,0.00E+00,3.37E+00,4.21E-09,,
1,1,68,2.00E+01,4.20E-09,3.42E+00,-9.10E-02,0.00E+00,3.42E+00,4.20E-09,,
1,1,69,2.00E+01,4.17E-09,3.47E+00,-9.23E-02,1.00E-12,3.47E+00,4.17E-09,,
1,1,70,2.00E+01,4.15E-09,3.52E+00,-9.36E-02,0.00E+00,3.52E+00,4.15E-09,,
1,1,71,2.00E+01,4.11E-09,3.59E+00,-9.51E-02,0.00E+00,3.59E+00,4.11E-09,,
1,1,72,2.00E+01,4.07E-09,3.64E+00,-9.61E-02,0.00E+00,3.64E+00,4.07E-09,,
1,1,73,2.00E+01,4.09E-09,3.70E+00,-9.71E-02,0.00E+00,3.70E+00,4.09E-09,,
1,1,74,2.00E+01,4.04E-09,3.75E+00,-9.82E-02,1.00E-12,3.75E+00,4.04E-09,,
1,1,75,2.00E+01,4.07E-09,3.80E+00,-9.96E-02,1.00E-12,3.80E+00,4.07E-09,,
1,1,76,2.00E+01,3.99E-09,3.85E+00,-1.01E-01,0.00E+00,3.85E+00,3.99E-09,,
1,1,77,2.00E+01,4.04E-09,3.90E+00,-1.02E-01,0.00E+00,3.90E+00,4.04E-09,,
1,1,78,2.00E+01,3.97E-09,3.95E+00,-1.04E-01,0.00E+00,3.95E+00,3.97E-09,,
1,1,79,2.00E+01,4.03E-09,4.00E+00,-1.05E-01,0.00E+00,4.00E+00,4.03E-09,,
1,1,80,2.00E+01,3.94E-09,4.05E+00,-1.06E-01,1.00E-12,4.05E+00,3.94E-09,,
1,1,81,2.00E+01,3.93E-09,4.10E+00,-1.08E-01,1.00E-12,4.10E+00,3.93E-09,,
1,1,82,2.00E+01,3.92E-09,4.15E+00,-1.09E-01,1.00E-12,4.15E+00,3.92E-09,,
1,1,83,2.00E+01,3.88E-09,4.21E+00,-1.10E-01,0.00E+00,4.21E+00,3.88E-09,,
1,1,84,2.00E+01,3.91E-09,4.26E+00,-1.11E-01,0.00E+00,4.26E+00,3.91E-09,,
1,1,85,2.00E+01,3.85E-09,4.31E+00,-1.12E-01,0.00E+00,4.31E+00,3.85E-09,,
1,1,86,2.00E+01,3.88E-09,4.36E+00,-1.14E-01,0.00E+00,4.36E+00,3.88E-09,,
1,1,87,2.00E+01,3.80E-09,4.41E+00,-1.15E-01,0.00E+00,4.41E+00,3.80E-09,,
1,1,88,2.00E+01,3.83E-09,4.46E+00,-1.17E-01,0.00E+00,4.46E+00,3.83E-09,,
1,1,89,2.00E+01,3.80E-09,4.51E+00,-1.18E-01,0.00E+00,4.51E+00,3.80E-09,,
1,1,90,2.00E+01,3.80E-09,4.56E+00,-1.19E-01,0.00E+00,4.56E+00,3.80E-09,,
1,1,91,2.00E+01,3.78E-09,4.61E+00,-1.21E-01,1.00E-12,4.61E+00,3.78E-09,,
1,1,92,2.00E+01,3.77E-09,4.66E+00,-1.22E-01,0.00E+00,4.66E+00,3.77E-09,,
1,1,93,2.00E+01,3.77E-09,4.71E+00,-1.23E-01,0.00E+00,4.71E+00,3.77E-09,,
1,1,94,2.00E+01,3.72E-09,4.76E+00,-1.24E-01,0.00E+00,4.76E+00,3.72E-09,,
1,1,95,2.00E+01,3.71E-09,4.82E+00,-1.26E-01,0.00E+00,4.82E+00,3.71E-09,,
1,1,96,2.00E+01,3.68E-09,4.87E+00,-1.27E-01,0.00E+00,4.87E+00,3.68E-09,,
1,1,97,2.00E+01,3.72E-09,4.92E+00,-1.28E-01,0.00E+00,4.92E+00,3.72E-09,,
1,1,98,2.00E+01,3.69E-09,4.97E+00,-1.29E-01,0.00E+00,4.97E+00,3.69E-09,,
1,1,99,2.00E+01,3.67E-09,5.02E+00,-1.31E-01,1.00E-12,5.02E+00,3.67E-09,,
1,1,100,2.00E+01,3.61E-09,5.07E+00,-1.32E-01,0.00E+00,5.07E+00,3.61E-09,,
1,1,101,2.00E+01,2.16E-07,5.15E+00,5.71E+00,8.00E-02,5.15E+00,2.16E-07,,
1,1,102,2.00E+01,2.38E-07,5.18E+00,5.71E+00,8.00E-02,5.18E+00,2.38E-07,,
1,1,103,2.00E+01,3.16E-07,5.23E+00,5.71E+00,8.00E-02,5.23E+00,3.16E-07,,
1,1,104,2.00E+01,3.92E-07,5.28E+00,5.71E+00,8.00E-02,5.28E+00,3.92E-07,,
1,1,105,2.00E+01,4.50E-07,5.33E+00,5.71E+00,8.00E-02,5.33E+00,4.50E-07,,
1,1,106,2.00E+01,4.90E-07,5.38E+00,5.71E+00,8.00E-02,5.38E+00,4.90E-07,,
1,1,107,2.00E+01,5.15E-07,5.43E+00,5.71E+00,8.00E-02,5.43E+00,5.15E-07,,
1,1,108,2.00E+01,5.32E-07,5.48E+00,5.71E+00,8.00E-02,5.48E+00,5.32E-07,,
1,1,109,2.00E+01,5.42E-07,5.53E+00,5.71E+00,8.00E-02,5.53E+00,5.42E-07,,
1,1,110,2.00E+01,5.52E-07,5.63E+00,5.71E+00,8.00E-02,5.63E+00,5.52E-07,,
1,1,111,2.00E+01,5.54E-07,5.66E+00,5.71E+00,8.00E-02,5.66E+00,5.54E-07,,
1,1,112,2.00E+01,5.56E-07,5.71E+00,5.71E+00,8.00E-02,5.71E+00,5.56E-07,,
1,1,113,2.00E+01,5.57E-07,5.76E+00,5.71E+00,8.00E-02,5.76E+00,5.57E-07,,
1,1,114,2.00E+01,5.57E-07,5.82E+00,5.71E+00,8.00E-02,5.82E+00,5.57E-07,,
1,1,115,2.00E+01,5.58E-07,5.87E+00,5.71E+00,8.00E-02,5.87E+00,5.58E-07,,
1,1,116,2.00E+01,5.58E-07,5.92E+00,5.71E+00,8.00E-02,5.92E+00,5.58E-07,,
1,1,117,2.00E+01,5.57E-07,5.97E+00,5.71E+00,8.00E-02,5.97E+00,5.57E-07,,
1,1,118,2.00E+01,5.57E-07,6.02E+00,5.71E+00,8.00E-02,6.02E+00,5.57E-07,,
1,1,119,2.00E+01,5.57E-07,6.07E+00,5.71E+00,8.00E-02,6.07E+00,5.57E-07,,
1,1,120,2.00E+01,5.57E-07,6.12E+00,5.71E+00,8.00E-02,6.12E+00,5.57E-07,,
1,1,121,2.00E+01,5.57E-07,6.17E+00,5.71E+00,8.00E-02,6.17E+00,5.57E-07,,
1,1,122,2.00E+01,5.57E-07,6.22E+00,5.71E+00,8.00E-02,6.22E+00,5.57E-07,,
1,1,123,2.00E+01,5.57E-07,6.27E+00,5.71E+00,8.00E-02,6.27E+00,5.57E-07,,
1,1,124,2.00E+01,5.57E-07,6.32E+00,5.71E+00,8.00E-02,6.32E+00,5.57E-07,,
1,1,125,2.00E+01,5.57E-07,6.37E+00,5.71E+00,8.00E-02,6.37E+00,5.57E-07,,
1,1,126,2.00E+01,5.57E-07,6.42E+00,5.71E+00,8.00E-02,6.42E+00,5.57E-07,,
1,1,127,2.00E+01,5.57E-07,6.48E+00,5.71E+00,8.00E-02,6.48E+00,5.57E-07,,
1,1,128,2.00E+01,5.57E-07,6.53E+00,5.71E+00,8.00E-02,6.53E+00,5.57E-07,,
1,1,129,2.00E+01,5.57E-07,6.58E+00,5.71E+00,8.00E-02,6.58E+00,5.57E-07,,
1,1,130,2.00E+01,5.57E-07,6.63E+00,5.71E+00,8.00E-02,6.63E+00,5.57E-07,,
1,1,131,2.00E+01,5.57E-07,6.68E+00,5.71E+00,8.00E-02,6.68E+00,5.57E-07,,
1,1,132,2.00E+01,5.57E-07,6.73E+00,5.71E+00,8.00E-02,6.73E+00,5.57E-07,,
1,1,133,2.00E+01,5.58E-07,6.78E+00,5.71E+00,8.00E-02,6.78E+00,5.58E-07,,
1,1,134,2.00E+01,5.58E-07,6.83E+00,5.71E+00,8.00E-02,6.83E+00,5.58E-07,,
1,1,135,2.00E+01,5.58E-07,6.88E+00,5.71E+00,8.00E-02,6.88E+00,5.58E-07,,
1,1,136,2.00E+01,5.58E-07,6.93E+00,5.71E+00,8.00E-02,6.93E+00,5.58E-07,,
1,1,137,2.00E+01,5.58E-07,6.98E+00,5.71E+00,8.00E-02,6.98E+00,5.58E-07,,
1,1,138,2.00E+01,5.59E-07,7.03E+00,5.71E+00,8.00E-02,7.03E+00,5.59E-07,,
1,1,139,2.00E+01,5.59E-07,7.08E+00,5.71E+00,8.00E-02,7.08E+00,5.59E-07,,
1,1,140,2.00E+01,5.59E-07,7.14E+00,5.71E+00,8.00E-02,7.14E+00,5.59E-07,,
1,1,141,2.00E+01,5.59E-07,7.19E+00,5.71E+00,8.00E-02,7.19E+00,5.59E-07,,
1,1,142,2.00E+01,5.60E-07,7.24E+00,5.71E+00,8.00E-02,7.24E+00,5.60E-07,,
1,1,143,2.00E+01,5.60E-07,7.29E+00,5.71E+00,8.00E-02,7.29E+00,5.60E-07,,
1,1,144,2.00E+01,5.60E-07,7.34E+00,5.71E+00,8.00E-02,7.34E+00,5.60E-07,,
1,1,145,2.00E+01,5.61E-07,7.39E+00,5.71E+00,8.00E-02,7.39E+00,5.61E-07,,
1,1,146,2.00E+01,5.61E-07,7.44E+00,5.71E+00,8.00E-02,7.44E+00,5.61E-07,,
1,1,147,2.00E+01,5.61E-07,7.49E+00,5.71E+00,8.00E-02,7.49E+00,5.61E-07,,
1,1,148,2.00E+01,5.62E-07,7.54E+00,5.71E+00,8.00E-02,7.54E+00,5.62E-07,,
1,1,149,2.00E+01,5.62E-07,7.59E+00,5.71E+00,8.00E-02,7.59E+00,5.62E-07,,
1,1,150,2.00E+01,5.62E-07,7.64E+00,5.71E+00,8.00E-02,7.64E+00,5.62E-07,,
1,1,151,2.00E+01,5.63E-07,7.70E+00,5.71E+00,8.00E-02,7.70E+00,5.63E-07,,
1,1,152,2.00E+01,5.63E-07,7.75E+00,5.71E+00,8.00E-02,7.75E+00,5.63E-07,,
1,1,153,2.00E+01,5.63E-07,7.80E+00,5.71E+00,8.00E-02,7.80E+00,5.63E-07,,
1,1,154,2.00E+01,5.64E-07,7.85E+00,5.71E+00,8.00E-02,7.85E+00,5.64E-07,,
1,1,155,2.00E+01,5.64E-07,7.90E+00,5.71E+00,8.00E-02,7.90E+00,5.64E-07,,
1,1,156,2.00E+01,5.65E-07,7.95E+00,5.71E+00,8.00E-02,7.95E+00,5.65E-07,,
1,1,157,2.00E+01,5.65E-07,8.00E+00,5.71E+00,8.00E-02,8.00E+00,5.65E-07,,
1,1,158,2.00E+01,5.65E-07,8.05E+00,5.71E+00,8.00E-02,8.05E+00,5.65E-07,,
1,1,159,2.00E+01,5.66E-07,8.13E+00,5.71E+00,8.00E-02,8.13E+00,5.66E-07,,
1,1,160,2.00E+01,5.66E-07,8.18E+00,5.71E+00,8.00E-02,8.18E+00,5.66E-07,,
1,1,161,2.00E+01,5.67E-07,8.23E+00,5.71E+00,8.00E-02,8.23E+00,5.67E-07,,
1,1,162,2.00E+01,5.67E-07,8.28E+00,5.71E+00,8.00E-02,8.28E+00,5.67E-07,,
1,1,163,2.00E+01,5.67E-07,8.33E+00,5.71E+00,8.00E-02,8.33E+00,5.67E-07,,
1,1,164,2.00E+01,5.68E-07,8.38E+00,5.71E+00,8.00E-02,8.38E+00,5.68E-07,,
1,1,165,2.00E+01,5.68E-07,8.43E+00,5.71E+00,8.00E-02,8.43E+00,5.68E-07,,
1,1,166,2.00E+01,5.69E-07,8.48E+00,5.71E+00,8.00E-02,8.48E+00,5.69E-07,,
1,1,167,2.00E+01,5.69E-07,8.53E+00,5.71E+00,8.00E-02,8.53E+00,5.69E-07,,
1,1,168,2.00E+01,5.70E-07,8.58E+00,5.71E+00,8.00E-02,8.58E+00,5.70E-07,,
1,1,169,2.00E+01,5.70E-07,8.64E+00,5.71E+00,8.00E-02,8.64E+00,5.70E-07,,
1,1,170,2.00E+01,5.71E-07,8.69E+00,5.71E+00,8.00E-02,8.69E+00,5.71E-07,,
1,1,171,2.00E+01,5.71E-07,8.75E+00,5.71E+00,8.00E-02,8.75E+00,5.71E-07,,
1,1,172,2.00E+01,5.71E-07,8.80E+00,5.71E+00,8.00E-02,8.80E+00,5.71E-07,,
1,1,173,2.00E+01,5.72E-07,8.85E+00,5.71E+00,8.00E-02,8.85E+00,5.72E-07,,
1,1,174,2.00E+01,5.72E-07,8.90E+00,5.71E+00,8.00E-02,8.90E+00,5.72E-07,,
1,1,175,2.00E+01,5.73E-07,8.95E+00,5.71E+00,8.00E-02,8.95E+00,5.73E-07,,
1,1,176,2.00E+01,5.73E-07,9.00E+00,5.71E+00,8.00E-02,9.00E+00,5.73E-07,,
1,1,177,2.00E+01,5.74E-07,9.05E+00,5.71E+00,8.00E-02,9.05E+00,5.74E-07,,
1,1,178,2.00E+01,5.74E-07,9.10E+00,5.71E+00,8.00E-02,9.10E+00,5.74E-07,,
1,1,179,2.00E+01,5.74E-07,9.15E+00,5.71E+00,8.00E-02,9.15E+00,5.74E-07,,
1,1,180,2.00E+01,5.75E-07,9.20E+00,5.71E+00,8.00E-02,9.20E+00,5.75E-07,,
1,1,181,2.00E+01,5.75E-07,9.25E+00,5.71E+00,8.00E-02,9.25E+00,5.75E-07,,
1,1,182,2.00E+01,5.76E-07,9.30E+00,5.71E+00,8.00E-02,9.30E+00,5.76E-07,,
1,1,183,2.00E+01,5.76E-07,9.35E+00,5.71E+00,8.00E-02,9.35E+00,5.76E-07,,
1,1,184,2.00E+01,5.77E-07,9.40E+00,5.71E+00,8.00E-02,9.40E+00,5.77E-07,,
1,1,185,2.00E+01,5.77E-07,9.45E+00,5.70E+00,8.00E-02,9.45E+00,5.77E-07,,
1,1,186,2.00E+01,5.77E-07,9.51E+00,5.70E+00,8.00E-02,9.51E+00,5.77E-07,,
1,1,187,2.00E+01,5.78E-07,9.56E+00,5.70E+00,8.00E-02,9.56E+00,5.78E-07,,
1,1,188,2.00E+01,5.78E-07,9.63E+00,5.70E+00,8.00E-02,9.63E+00,5.78E-07,,
1,1,189,2.00E+01,5.79E-07,9.66E+00,5.70E+00,8.00E-02,9.66E+00,5.79E-07,,
1,1,190,2.00E+01,5.79E-07,9.71E+00,5.70E+00,8.00E-02,9.71E+00,5.79E-07,,
1,1,191,2.00E+01,5.80E-07,9.76E+00,5.70E+00,8.00E-02,9.76E+00,5.80E-07,,
1,1,192,2.00E+01,5.80E-07,9.81E+00,5.70E+00,8.00E-02,9.81E+00,5.80E-07,,
1,1,193,2.00E+01,5.81E-07,9.86E+00,5.70E+00,8.00E-02,9.86E+00,5.81E-07,,
1,1,194,2.00E+01,5.81E-07,9.91E+00,5.70E+00,8.00E-02,9.91E+00,5.81E-07,,
1,1,195,2.00E+01,5.81E-07,9.96E+00,5.70E+00,8.00E-02,9.96E+00,5.81E-07,,
1,1,196,2.00E+01,5.82E-07,1.00E+01,5.70E+00,8.00E-02,1.00E+01,5.82E-07,,
1,1,197,2.00E+01,5.82E-07,1.01E+01,5.70E+00,8.00E-02,1.01E+01,5.82E-07,,
1,1,198,2.00E+01,5.83E-07,1.01E+01,5.70E+00,8.00E-02,1.01E+01,5.83E-07,,
1,1,199,2.00E+01,5.83E-07,1.02E+01,5.70E+00,8.00E-02,1.02E+01,5.83E-07,,
1,1,200,2.00E+01,5.84E-07,1.02E+01,5.70E+00,8.00E-02,1.02E+01,5.84E-07,,
1,1,201,2.00E+01,2.76E-07,1.03E+01,-9.19E-01,-3.90E-11,1.03E+01,2.76E-07,,
1,1,202,2.00E+01,1.61E-07,1.03E+01,-8.54E-01,-1.40E-11,1.03E+01,1.61E-07,,
1,1,203,2.00E+01,1.16E-07,1.04E+01,-8.14E-01,-9.00E-12,1.04E+01,1.16E-07,,
1,1,204,2.00E+01,8.09E-08,1.05E+01,-7.69E-01,-7.00E-12,1.05E+01,8.09E-08,,
1,1,205,2.00E+01,7.50E-08,1.05E+01,-7.59E-01,-6.00E-12,1.05E+01,7.50E-08,,
1,1,206,2.00E+01,6.06E-08,1.06E+01,-7.30E-01,-4.00E-12,1.06E+01,6.06E-08,,
1,1,207,2.00E+01,5.12E-08,1.07E+01,-7.07E-01,-3.00E-12,1.07E+01,5.12E-08,,
1,1,208,2.00E+01,4.64E-08,1.08E+01,-6.93E-01,-2.00E-12,1.08E+01,4.64E-08,,
1,1,209,2.00E+01,4.49E-08,1.08E+01,-6.88E-01,-3.00E-12,1.08E+01,4.49E-08,,
1,1,210,2.00E+01,4.02E-08,1.09E+01,-6.72E-01,-3.00E-12,1.09E+01,4.02E-08,,
1,1,211,2.00E+01,3.90E-08,1.09E+01,-6.67E-01,-2.00E-12,1.09E+01,3.90E-08,,
1,1,212,2.00E+01,3.57E-08,1.10E+01,-6.54E-01,-2.00E-12,1.10E+01,3.57E-08,,
1,1,213,2.00E+01,3.37E-08,1.11E+01,-6.45E-01,-2.00E-12,1.11E+01,3.37E-08,,
1,1,214,2.00E+01,3.16E-08,1.12E+01,-6.35E-01,-3.00E-12,1.12E+01,3.16E-08,,
1,1,215,2.00E+01,3.01E-08,1.12E+01,-6.27E-01,-2.00E-12,1.12E+01,3.01E-08,,
1,1,216,2.00E+01,2.88E-08,1.13E+01,-6.20E-01,-2.00E-12,1.13E+01,2.88E-08,,
1,1,217,2.00E+01,2.77E-08,1.14E+01,-6.14E-01,-1.00E-12,1.14E+01,2.77E-08,,
1,1,218,2.00E+01,2.66E-08,1.14E+01,-6.08E-01,-3.00E-12,1.14E+01,2.66E-08,,
1,1,219,2.00E+01,2.63E-08,1.15E+01,-6.05E-01,-1.00E-12,1.15E+01,2.63E-08,,
1,1,220,2.00E+01,2.55E-08,1.15E+01,-6.00E-01,-2.00E-12,1.15E+01,2.55E-08,,
1,1,221,2.00E+01,2.51E-08,1.16E+01,-5.97E-01,-2.00E-12,1.16E+01,2.51E-08,,
1,1,222,2.00E+01,2.45E-08,1.16E+01,-5.93E-01,-2.00E-12,1.16E+01,2.45E-08,,
1,1,223,2.00E+01,2.40E-08,1.17E+01,-5.89E-01,-2.00E-12,1.17E+01,2.40E-08,,
1,1,224,2.00E+01,2.34E-08,1.17E+01,-5.85E-01,-2.00E-12,1.17E+01,2.34E-08,,
1,1,225,2.00E+01,2.30E-08,1.18E+01,-5.81E-01,-2.00E-12,1.18E+01,2.30E-08,,
1,1,226,2.00E+01,2.25E-08,1.18E+01,-5.78E-01,-1.00E-12,1.18E+01,2.25E-08,,
1,1,227,2.00E+01,2.21E-08,1.19E+01,-5.75E-01,-1.00E-12,1.19E+01,2.21E-08,,
1,1,228,2.00E+01,2.17E-08,1.19E+01,-5.71E-01,-3.00E-12,1.19E+01,2.17E-08,,
1,1,229,2.00E+01,2.14E-08,1.20E+01,-5.68E-01,-1.00E-12,1.20E+01,2.14E-08,,
1,1,230,2.00E+01,2.10E-08,1.20E+01,-5.65E-01,-2.00E-12,1.20E+01,2.10E-08,,
1,1,231,2.00E+01,2.07E-08,1.21E+01,-5.62E-01,-1.00E-12,1.21E+01,2.07E-08,,
1,1,232,2.00E+01,2.04E-08,1.21E+01,-5.59E-01,-2.00E-12,1.21E+01,2.04E-08,,
1,1,233,2.00E+01,2.01E-08,1.22E+01,-5.55E-01,-2.00E-12,1.22E+01,2.01E-08,,
1,1,234,2.00E+01,1.98E-08,1.22E+01,-5.53E-01,-2.00E-12,1.22E+01,1.98E-08,,
1,1,235,2.00E+01,1.95E-08,1.23E+01,-5.50E-01,-1.00E-12,1.23E+01,1.95E-08,,
1,1,236,2.00E+01,1.92E-08,1.23E+01,-5.47E-01,-1.00E-12,1.23E+01,1.92E-08,,
1,1,237,2.00E+01,1.90E-08,1.24E+01,-5.44E-01,-1.00E-12,1.24E+01,1.90E-08,,
1,1,238,2.00E+01,1.88E-08,1.24E+01,-5.42E-01,-1.00E-12,1.24E+01,1.88E-08,,
1,1,239,2.00E+01,1.85E-08,1.25E+01,-5.39E-01,-1.00E-12,1.25E+01,1.85E-08,,
1,1,240,2.00E+01,1.84E-08,1.25E+01,-5.37E-01,-1.00E-12,1.25E+01,1.84E-08,,
1,1,241,2.00E+01,1.81E-08,1.26E+01,-5.34E-01,-1.00E-12,1.26E+01,1.81E-08,,
1,1,242,2.00E+01,1.79E-08,1.26E+01,-5.32E-01,-1.00E-12,1.26E+01,1.79E-08,,
1,1,243,2.00E+01,1.77E-08,1.27E+01,-5.30E-01,-1.00E-12,1.27E+01,1.77E-08,,
1,1,244,2.00E+01,1.76E-08,1.27E+01,-5.27E-01,-1.00E-12,1.27E+01,1.76E-08,,
1,1,245,2.00E+01,1.74E-08,1.28E+01,-5.25E-01,-1.00E-12,1.28E+01,1.74E-08,,
1,1,246,2.00E+01,1.72E-08,1.28E+01,-5.23E-01,0.00E+00,1.28E+01,1.72E-08,,
1,1,247,2.00E+01,1.71E-08,1.29E+01,-5.21E-01,-1.00E-12,1.29E+01,1.71E-08,,
1,1,248,2.00E+01,1.69E-08,1.29E+01,-5.19E-01,-1.00E-12,1.29E+01,1.69E-08,,
1,1,249,2.00E+01,1.68E-08,1.30E+01,-5.17E-01,-1.00E-12,1.30E+01,1.68E-08,,
1,1,250,2.00E+01,1.66E-08,1.30E+01,-5.14E-01,-1.00E-12,1.30E+01,1.66E-08,,
1,1,251,2.00E+01,1.65E-08,1.31E+01,-5.13E-01,-1.00E-12,1.31E+01,1.65E-08,,
1,1,252,2.00E+01,1.63E-08,1.31E+01,-5.11E-01,0.00E+00,1.31E+01,1.63E-08,,
1,1,253,2.00E+01,1.63E-08,1.32E+01,-5.09E-01,-1.00E-12,1.32E+01,1.63E-08,,
1,1,254,2.00E+01,1.61E-08,1.32E+01,-5.07E-01,0.00E+00,1.32E+01,1.61E-08,,
1,1,255,2.00E+01,1.60E-08,1.33E+01,-5.06E-01,0.00E+00,1.33E+01,1.60E-08,,
1,1,256,2.00E+01,1.59E-08,1.33E+01,-5.04E-01,0.00E+00,1.33E+01,1.59E-08,,
1,1,257,2.00E+01,1.58E-08,1.34E+01,-5.02E-01,-1.00E-12,1.34E+01,1.58E-08,,
1,1,258,2.00E+01,1.57E-08,1.34E+01,-5.01E-01,-1.00E-12,1.34E+01,1.57E-08,,
1,1,259,2.00E+01,1.56E-08,1.35E+01,-4.99E-01,-1.00E-12,1.35E+01,1.56E-08,,
1,1,260,2.00E+01,1.55E-08,1.35E+01,-4.97E-01,0.00E+00,1.35E+01,1.55E-08,,
1,1,261,2.00E+01,1.54E-08,1.36E+01,-4.96E-01,-1.00E-12,1.36E+01,1.54E-08,,
1,1,262,2.00E+01,1.52E-08,1.37E+01,-4.93E-01,0.00E+00,1.37E+01,1.52E-08,,
1,1,263,2.00E+01,1.52E-08,1.37E+01,-4.92E-01,-1.00E-12,1.37E+01,1.52E-08,,
1,1,264,2.00E+01,1.51E-08,1.38E+01,-4.91E-01,0.00E+00,1.38E+01,1.51E-08,,
1,1,265,2.00E+01,1.50E-08,1.38E+01,-4.89E-01,0.00E+00,1.38E+01,1.50E-08,,
1,1,266,2.00E+01,1.49E-08,1.39E+01,-4.88E-01,0.00E+00,1.39E+01,1.49E-08,,
1,1,267,2.00E+01,1.48E-08,1.39E+01,-4.87E-01,0.00E+00,1.39E+01,1.48E-08,,
1,1,268,2.00E+01,1.48E-08,1.40E+01,-4.85E-01,0.00E+00,1.40E+01,1.48E-08,,
1,1,269,2.00E+01,1.47E-08,1.40E+01,-4.84E-01,-1.00E-12,1.40E+01,1.47E-08,,
1,1,270,2.00E+01,1.46E-08,1.41E+01,-4.82E-01,-1.00E-12,1.41E+01,1.46E-08,,
1,1,271,2.00E+01,1.46E-08,1.41E+01,-4.81E-01,0.00E+00,1.41E+01,1.46E-08,,
1,1,272,2.00E+01,1.45E-08,1.42E+01,-4.80E-01,0.00E+00,1.42E+01,1.45E-08,,
1,1,273,2.00E+01,1.44E-08,1.42E+01,-4.79E-01,-1.00E-12,1.42E+01,1.44E-08,,
1,1,274,2.00E+01,1.44E-08,1.43E+01,-4.78E-01,-1.00E-12,1.43E+01,1.44E-08,,
1,1,275,2.00E+01,1.43E-08,1.43E+01,-4.76E-01,-1.00E-12,1.43E+01,1.43E-08,,
1,1,276,2.00E+01,1.43E-08,1.44E+01,-4.75E-01,0.00E+00,1.44E+01,1.43E-08,,
1,1,277,2.00E+01,1.42E-08,1.44E+01,-4.74E-01,-1.00E-12,1.44E+01,1.42E-08,,
1,1,278,2.00E+01,1.42E-08,1.45E+01,-4.73E-01,0.00E+00,1.45E+01,1.42E-08,,
1,1,279,2.00E+01,1.41E-08,1.45E+01,-4.72E-01,0.00E+00,1.45E+01,1.41E-08,,
1,1,280,2.00E+01,1.40E-08,1.46E+01,-4.71E-01,-1.00E-12,1.46E+01,1.40E-08,,
1,1,281,2.00E+01,1.40E-08,1.46E+01,-4.70E-01,0.00E+00,1.46E+01,1.40E-08,,
1,1,282,2.00E+01,1.40E-08,1.47E+01,-4.69E-01,0.00E+00,1.47E+01,1.40E-08,,
1,1,283,2.00E+01,1.39E-08,1.47E+01,-4.68E-01,0.00E+00,1.47E+01,1.39E-08,,
1,1,284,2.00E+01,1.38E-08,1.48E+01,-4.67E-01,0.00E+00,1.48E+01,1.38E-08,,
1,1,285,2.00E+01,1.38E-08,1.48E+01,-4.66E-01,-1.00E-12,1.48E+01,1.38E-08,,
1,1,286,2.00E+01,1.37E-08,1.49E+01,-4.64E-01,-1.00E-12,1.49E+01,1.37E-08,,
1,1,287,2.00E+01,1.38E-08,1.49E+01,-4.63E-01,0.00E+00,1.49E+01,1.38E-08,,
1,1,288,2.00E+01,1.37E-08,1.50E+01,-4.62E-01,0.00E+00,1.50E+01,1.37E-08,,
1,1,289,2.00E+01,1.37E-08,1.50E+01,-4.61E-01,0.00E+00,1.50E+01,1.37E-08,,
1,1,290,2.00E+01,1.37E-08,1.51E+01,-4.61E-01,0.00E+00,1.51E+01,1.37E-08,,
1,1,291,2.00E+01,1.37E-08,1.51E+01,-4.61E-01,-1.00E-12,1.51E+01,1.37E-08,,
1,1,292,2.00E+01,1.35E-08,1.52E+01,-4.60E-01,-1.00E-12,1.52E+01,1.35E-08,,
1,1,293,2.00E+01,1.35E-08,1.52E+01,-4.60E-01,-1.00E-12,1.52E+01,1.35E-08,,
1,1,294,2.00E+01,1.34E-08,1.53E+01,-4.59E-01,0.00E+00,1.53E+01,1.34E-08,,
1,1,295,2.00E+01,1.34E-08,1.53E+01,-4.58E-01,0.00E+00,1.53E+01,1.34E-08,,
1,1,296,2.00E+01,1.34E-08,1.54E+01,-4.58E-01,0.00E+00,1.54E+01,1.34E-08,,
1,1,297,2.00E+01,1.34E-08,1.54E+01,-4.58E-01,0.00E+00,1.54E+01,1.34E-08,,
1,1,298,2.00E+01,1.34E-08,1.55E+01,-4.58E-01,0.00E+00,1.55E+01,1.34E-08,,
1,1,299,2.00E+01,1.33E-08,1.56E+01,-4.57E-01,-1.00E-12,1.56E+01,1.33E-08,,
1,1,300,2.00E+01,1.33E-08,1.56E+01,-4.56E-01,0.00E+00,1.56E+01,1.33E-08,,
1,1,301,2.00E+01,2.07E-07,1.57E+01,5.71E+00,8.00E-02,1.57E+01,2.07E-07,,
1,1,302,2.00E+01,2.86E-07,1.57E+01,5.71E+00,8.00E-02,1.57E+01,2.86E-07,,
1,1,303,2.00E+01,4.02E-07,1.58E+01,5.71E+00,8.00E-02,1.58E+01,4.02E-07,,
1,1,304,2.00E+01,4.71E-07,1.58E+01,5.71E+00,8.00E-02,1.58E+01,4.71E-07,,
1,1,305,2.00E+01,5.11E-07,1.59E+01,5.71E+00,8.00E-02,1.59E+01,5.11E-07,,
1,1,306,2.00E+01,5.35E-07,1.59E+01,5.71E+00,8.00E-02,1.59E+01,5.35E-07,,
1,1,307,2.00E+01,5.49E-07,1.60E+01,5.71E+00,8.00E-02,1.60E+01,5.49E-07,,
1,1,308,2.00E+01,5.59E-07,1.60E+01,5.71E+00,8.00E-02,1.60E+01,5.59E-07,,
1,1,309,2.00E+01,5.66E-07,1.61E+01,5.71E+00,8.00E-02,1.61E+01,5.66E-07,,
1,1,310,2.00E+01,5.70E-07,1.61E+01,5.71E+00,8.00E-02,1.61E+01,5.70E-07,,
1,1,311,2.00E+01,5.74E-07,1.62E+01,5.70E+00,8.00E-02,1.62E+01,5.74E-07,,
1,1,312,2.00E+01,5.77E-07,1.63E+01,5.70E+00,8.00E-02,1.63E+01,5.77E-07,,
1,1,313,2.00E+01,5.79E-07,1.63E+01,5.70E+00,8.00E-02,1.63E+01,5.79E-07,,
1,1,314,2.00E+01,5.81E-07,1.64E+01,5.70E+00,8.00E-02,1.64E+01,5.81E-07,,
1,1,315,2.00E+01,5.82E-07,1.64E+01,5.70E+00,8.00E-02,1.64E+01,5.82E-07,,
1,1,316,2.00E+01,5.84E-07,1.65E+01,5.70E+00,8.00E-02,1.65E+01,5.84E-07,,
1,1,317,2.00E+01,5.85E-07,1.65E+01,5.70E+00,8.00E-02,1.65E+01,5.85E-07,,
1,1,318,2.00E+01,5.86E-07,1.66E+01,5.70E+00,8.00E-02,1.66E+01,5.86E-07,,
1,1,319,2.00E+01,5.87E-07,1.66E+01,5.70E+00,8.00E-02,1.66E+01,5.87E-07,,
1,1,320,2.00E+01,5.88E-07,1.67E+01,5.70E+00,8.00E-02,1.67E+01,5.88E-07,,
1,1,321,2.00E+01,5.89E-07,1.67E+01,5.70E+00,8.00E-02,1.67E+01,5.89E-07,,
1,1,322,2.00E+01,5.90E-07,1.68E+01,5.70E+00,8.00E-02,1.68E+01,5.90E-07,,
1,1,323,2.00E+01,5.90E-07,1.68E+01,5.70E+00,8.00E-02,1.68E+01,5.90E-07,,
1,1,324,2.00E+01,5.91E-07,1.69E+01,5.70E+00,8.00E-02,1.69E+01,5.91E-07,,
1,1,325,2.00E+01,5.92E-07,1.69E+01,5.70E+00,8.00E-02,1.69E+01,5.92E-07,,
1,1,326,2.00E+01,5.93E-07,1.70E+01,5.70E+00,8.00E-02,1.70E+01,5.93E-07,,
1,1,327,2.00E+01,5.93E-07,1.70E+01,5.70E+00,8.00E-02,1.70E+01,5.93E-07,,
1,1,328,2.00E+01,5.94E-07,1.71E+01,5.70E+00,8.00E-02,1.71E+01,5.94E-07,,
1,1,329,2.00E+01,5.94E-07,1.71E+01,5.70E+00,8.00E-02,1.71E+01,5.94E-07,,
1,1,330,2.00E+01,5.95E-07,1.72E+01,5.70E+00,8.00E-02,1.72E+01,5.95E-07,,
1,1,331,2.00E+01,5.96E-07,1.72E+01,5.70E+00,8.00E-02,1.72E+01,5.96E-07,,
1,1,332,2.00E+01,5.96E-07,1.73E+01,5.70E+00,8.00E-02,1.73E+01,5.96E-07,,
1,1,333,2.00E+01,5.97E-07,1.73E+01,5.70E+00,8.00E-02,1.73E+01,5.97E-07,,
1,1,334,2.00E+01,5.97E-07,1.74E+01,5.70E+00,8.00E-02,1.74E+01,5.97E-07,,
1,1,335,2.00E+01,5.98E-07,1.74E+01,5.70E+00,8.00E-02,1.74E+01,5.98E-07,,
1,1,336,2.00E+01,5.98E-07,1.75E+01,5.70E+00,8.00E-02,1.75E+01,5.98E-07,,
1,1,337,2.00E+01,5.98E-07,1.75E+01,5.70E+00,8.00E-02,1.75E+01,5.98E-07,,
1,1,338,2.00E+01,5.99E-07,1.76E+01,5.70E+00,8.00E-02,1.76E+01,5.99E-07,,
1,1,339,2.00E+01,5.99E-07,1.76E+01,5.70E+00,8.00E-02,1.76E+01,5.99E-07,,
1,1,340,2.00E+01,6.00E-07,1.77E+01,5.70E+00,8.00E-02,1.77E+01,6.00E-07,,
1,1,341,2.00E+01,6.00E-07,1.78E+01,5.70E+00,8.00E-02,1.78E+01,6.00E-07,,
1,1,342,2.00E+01,6.01E-07,1.78E+01,5.70E+00,8.00E-02,1.78E+01,6.01E-07,,
1,1,343,2.00E+01,6.01E-07,1.79E+01,5.70E+00,8.00E-02,1.79E+01,6.01E-07,,
1,1,344,2.00E+01,6.01E-07,1.79E+01,5.70E+00,8.00E-02,1.79E+01,6.01E-07,,
1,1,345,2.00E+01,6.02E-07,1.80E+01,5.70E+00,8.00E-02,1.80E+01,6.02E-07,,
1,1,346,2.00E+01,6.02E-07,1.80E+01,5.70E+00,8.00E-02,1.80E+01,6.02E-07,,
1,1,347,2.00E+01,6.03E-07,1.81E+01,5.70E+00,8.00E-02,1.81E+01,6.03E-07,,
1,1,348,2.00E+01,6.03E-07,1.81E+01,5.70E+00,8.00E-02,1.81E+01,6.03E-07,,
1,1,349,2.00E+01,6.03E-07,1.82E+01,5.70E+00,8.00E-02,1.82E+01,6.03E-07,,
1,1,350,2.00E+01,6.04E-07,1.82E+01,5.70E+00,8.00E-02,1.82E+01,6.04E-07,,
1,1,351,2.00E+01,6.04E-07,1.83E+01,5.70E+00,8.00E-02,1.83E+01,6.04E-07,,
1,1,352,2.00E+01,6.04E-07,1.83E+01,5.70E+00,8.00E-02,1.83E+01,6.04E-07,,
1,1,353,2.00E+01,6.05E-07,1.84E+01,5.70E+00,8.00E-02,1.84E+01,6.05E-07,,
1,1,354,2.00E+01,6.05E-07,1.84E+01,5.70E+00,8.00E-02,1.84E+01,6.05E-07,,
1,1,355,2.00E+01,6.05E-07,1.85E+01,5.70E+00,8.00E-02,1.85E+01,6.05E-07,,
1,1,356,2.00E+01,6.06E-07,1.85E+01,5.70E+00,8.00E-02,1.85E+01,6.06E-07,,
1,1,357,2.00E+01,6.06E-07,1.86E+01,5.70E+00,8.00E-02,1.86E+01,6.06E-07,,
1,1,358,2.00E+01,6.06E-07,1.86E+01,5.70E+00,8.00E-02,1.86E+01,6.06E-07,,
1,1,359,2.00E+01,6.07E-07,1.87E+01,5.70E+00,8.00E-02,1.87E+01,6.07E-07,,
1,1,360,2.00E+01,6.07E-07,1.87E+01,5.70E+00,8.00E-02,1.87E+01,6.07E-07,,
1,1,361,2.00E+01,6.08E-07,1.88E+01,5.70E+00,8.00E-02,1.88E+01,6.08E-07,,
1,1,362,2.00E+01,6.08E-07,1.88E+01,5.70E+00,8.00E-02,1.88E+01,6.08E-07,,
1,1,363,2.00E+01,6.08E-07,1.89E+01,5.70E+00,8.00E-02,1.89E+01,6.08E-07,,
1,1,364,2.00E+01,6.08E-07,1.89E+01,5.70E+00,8.00E-02,1.89E+01,6.08E-07,,
1,1,365,2.00E+01,6.09E-07,1.90E+01,5.70E+00,8.00E-02,1.90E+01,6.09E-07,,
1,1,366,2.00E+01,6.09E-07,1.90E+01,5.70E+00,8.00E-02,1.90E+01,6.09E-07,,
1,1,367,2.00E+01,6.09E-07,1.91E+01,5.70E+00,8.00E-02,1.91E+01,6.09E-07,,
1,1,368,2.00E+01,6.10E-07,1.91E+01,5.70E+00,8.00E-02,1.91E+01,6.10E-07,,
1,1,369,2.00E+01,6.10E-07,1.92E+01,5.70E+00,8.00E-02,1.92E+01,6.10E-07,,
1,1,370,2.00E+01,6.10E-07,1.92E+01,5.70E+00,8.00E-02,1.92E+01,6.10E-07,,
1,1,371,2.00E+01,6.11E-07,1.93E+01,5.70E+00,8.00E-02,1.93E+01,6.11E-07,,
1,1,372,2.00E+01,6.11E-07,1.93E+01,5.70E+00,8.00E-02,1.93E+01,6.11E-07,,
1,1,373,2.00E+01,6.11E-07,1.94E+01,5.70E+00,8.00E-02,1.94E+01,6.11E-07,,
1,1,374,2.00E+01,6.12E-07,1.94E+01,5.70E+00,8.00E-02,1.94E+01,6.12E-07,,
1,1,375,2.00E+01,6.12E-07,1.95E+01,5.70E+00,8.00E-02,1.95E+01,6.12E-07,,
1,1,376,2.00E+01,6.12E-07,1.95E+01,5.70E+00,8.00E-02,1.95E+01,6.12E-07,,
1,1,377,2.00E+01,6.13E-07,1.96E+01,5.70E+00,8.00E-02,1.96E+01,6.13E-07,,
1,1,378,2.00E+01,6.13E-07,1.96E+01,5.70E+00,8.00E-02,1.96E+01,6.13E-07,,
1,1,379,2.00E+01,6.13E-07,1.97E+01,5.70E+00,8.00E-02,1.97E+01,6.13E-07,,
1,1,380,2.00E+01,6.14E-07,1.97E+01,5.70E+00,8.00E-02,1.97E+01,6.14E-07,,
1,1,381,2.00E+01,6.14E-07,1.98E+01,5.70E+00,8.00E-02,1.98E+01,6.14E-07,,
1,1,382,2.00E+01,6.14E-07,1.98E+01,5.70E+00,8.00E-02,1.98E+01,6.14E-07,,
1,1,383,2.00E+01,6.14E-07,1.99E+01,5.70E+00,8.00E-02,1.99E+01,6.14E-07,,
1,1,384,2.00E+01,6.15E-07,1.99E+01,5.70E+00,8.00E-02,1.99E+01,6.15E-07,,
1,1,385,2.00E+01,6.15E-07,2.00E+01,5.70E+00,8.00E-02,2.00E+01,6.15E-07,,
1,1,386,2.00E+01,6.15E-07,2.00E+01,5.70E+00,8.00E-02,2.00E+01,6.15E-07,,
1,1,387,2.00E+01,6.16E-07,2.01E+01,5.70E+00,8.00E-02,2.01E+01,6.16E-07,,
1,1,388,2.00E+01,6.16E-07,2.01E+01,5.70E+00,8.00E-02,2.01E+01,6.16E-07,,
1,1,389,2.00E+01,6.16E-07,2.02E+01,5.70E+00,8.00E-02,2.02E+01,6.16E-07,,
1,1,390,2.00E+01,6.17E-07,2.03E+01,5.70E+00,8.00E-02,2.03E+01,6.17E-07,,
1,1,391,2.00E+01,6.17E-07,2.03E+01,5.70E+00,8.00E-02,2.03E+01,6.17E-07,,
1,1,392,2.00E+01,6.17E-07,2.04E+01,5.70E+00,8.00E-02,2.04E+01,6.17E-07,,
1,1,393,2.00E+01,6.17E-07,2.04E+01,5.70E+00,8.00E-02,2.04E+01,6.17E-07,,
1,1,394,2.00E+01,6.18E-07,2.05E+01,5.70E+00,8.00E-02,2.05E+01,6.18E-07,,
1,1,395,2.00E+01,6.18E-07,2.05E+01,5.70E+00,8.00E-02,2.05E+01,6.18E-07,,
1,1,396,2.00E+01,6.18E-07,2.06E+01,5.70E+00,8.00E-02,2.06E+01,6.18E-07,,
1,1,397,2.00E+01,6.18E-07,2.06E+01,5.70E+00,8.00E-02,2.06E+01,6.18E-07,,
1,1,398,2.00E+01,6.19E-07,2.07E+01,5.70E+00,8.00E-02,2.07E+01,6.19E-07,,
1,1,399,2.00E+01,6.19E-07,2.07E+01,5.70E+00,8.00E-02,2.07E+01,6.19E-07,,
1,1,400,2.00E+01,6.19E-07,2.08E+01,5.70E+00,8.00E-02,2.08E+01,6.19E-07,,
1,1,401,2.00E+01,2.95E-07,2.08E+01,-9.25E-01,-4.00E-11,2.08E+01,2.95E-07,,
1,1,402,2.00E+01,1.74E-07,2.09E+01,-8.59E-01,-1.40E-11,2.09E+01,1.74E-07,,
1,1,403,2.00E+01,1.26E-07,2.09E+01,-8.19E-01,-9.00E-12,2.09E+01,1.26E-07,,
1,1,404,2.00E+01,1.02E-07,2.10E+01,-7.91E-01,-7.00E-12,2.10E+01,1.02E-07,,
1,1,405,2.00E+01,7.75E-08,2.11E+01,-7.55E-01,-5.00E-12,2.11E+01,7.75E-08,,
1,1,406,2.00E+01,7.27E-08,2.11E+01,-7.46E-01,-5.00E-12,2.11E+01,7.27E-08,,
1,1,407,2.00E+01,6.09E-08,2.12E+01,-7.20E-01,-3.00E-12,2.12E+01,6.09E-08,,
1,1,408,2.00E+01,5.67E-08,2.12E+01,-7.10E-01,-4.00E-12,2.12E+01,5.67E-08,,
1,1,409,2.00E+01,5.07E-08,2.13E+01,-6.93E-01,-3.00E-12,2.13E+01,5.07E-08,,
1,1,410,2.00E+01,4.91E-08,2.13E+01,-6.87E-01,-3.00E-12,2.13E+01,4.91E-08,,
1,1,411,2.00E+01,4.43E-08,2.14E+01,-6.71E-01,-3.00E-12,2.14E+01,4.43E-08,,
1,1,412,2.00E+01,4.32E-08,2.15E+01,-6.67E-01,-3.00E-12,2.15E+01,4.32E-08,,
1,1,413,2.00E+01,3.97E-08,2.16E+01,-6.54E-01,-2.00E-12,2.16E+01,3.97E-08,,
1,1,414,2.00E+01,3.76E-08,2.16E+01,-6.45E-01,-2.00E-12,2.16E+01,3.76E-08,,
1,1,415,2.00E+01,3.58E-08,2.17E+01,-6.36E-01,-3.00E-12,2.17E+01,3.58E-08,,
1,1,416,2.00E+01,3.38E-08,2.18E+01,-6.25E-01,-3.00E-12,2.18E+01,3.38E-08,,
1,1,417,2.00E+01,3.33E-08,2.18E+01,-6.22E-01,-2.00E-12,2.18E+01,3.33E-08,,
1,1,418,2.00E+01,3.17E-08,2.19E+01,-6.13E-01,-2.00E-12,2.19E+01,3.17E-08,,
1,1,419,2.00E+01,3.06E-08,2.20E+01,-6.07E-01,-1.00E-12,2.20E+01,3.06E-08,,
1,1,420,2.00E+01,2.97E-08,2.20E+01,-6.02E-01,-2.00E-12,2.20E+01,2.97E-08,,
1,1,421,2.00E+01,2.87E-08,2.21E+01,-5.97E-01,-3.00E-12,2.21E+01,2.87E-08,,
1,1,422,2.00E+01,2.79E-08,2.22E+01,-5.92E-01,0.00E+00,2.22E+01,2.79E-08,,
1,1,423,2.00E+01,2.67E-08,2.23E+01,-5.85E-01,-2.00E-12,2.23E+01,2.67E-08,,
1,1,424,2.00E+01,2.64E-08,2.23E+01,-5.81E-01,-2.00E-12,2.23E+01,2.64E-08,,
1,1,425,2.00E+01,2.60E-08,2.23E+01,-5.78E-01,-2.00E-12,2.23E+01,2.60E-08,,
1,1,426,2.00E+01,2.56E-08,2.24E+01,-5.74E-01,-1.00E-12,2.24E+01,2.56E-08,,
1,1,427,2.00E+01,2.51E-08,2.24E+01,-5.71E-01,-2.00E-12,2.24E+01,2.51E-08,,
1,1,428,2.00E+01,2.48E-08,2.25E+01,-5.66E-01,-1.00E-12,2.25E+01,2.48E-08,,
1,1,429,2.00E+01,2.43E-08,2.25E+01,-5.62E-01,-1.00E-12,2.25E+01,2.43E-08,,
1,1,430,2.00E+01,2.35E-08,2.26E+01,-5.57E-01,-2.00E-12,2.26E+01,2.35E-08,,
1,1,431,2.00E+01,2.34E-08,2.26E+01,-5.52E-01,-2.00E-12,2.26E+01,2.34E-08,,
1,1,432,2.00E+01,2.33E-08,2.27E+01,-5.47E-01,-1.00E-12,2.27E+01,2.33E-08,,
1,1,433,2.00E+01,2.31E-08,2.27E+01,-5.43E-01,-2.00E-12,2.27E+01,2.31E-08,,
1,1,434,2.00E+01,2.27E-08,2.28E+01,-5.39E-01,-2.00E-12,2.28E+01,2.27E-08,,
1,1,435,2.00E+01,2.26E-08,2.28E+01,-5.35E-01,-1.00E-12,2.28E+01,2.26E-08,,
1,1,436,2.00E+01,2.24E-08,2.29E+01,-5.32E-01,-1.00E-12,2.29E+01,2.24E-08,,
1,1,437,2.00E+01,2.22E-08,2.29E+01,-5.29E-01,-1.00E-12,2.29E+01,2.22E-08,,
1,1,438,2.00E+01,2.20E-08,2.30E+01,-5.26E-01,0.00E+00,2.30E+01,2.20E-08,,
1,1,439,2.00E+01,2.18E-08,2.30E+01,-5.24E-01,-1.00E-12,2.30E+01,2.18E-08,,
1,1,440,2.00E+01,2.17E-08,2.31E+01,-5.21E-01,-1.00E-12,2.31E+01,2.17E-08,,
1,1,441,2.00E+01,2.15E-08,2.32E+01,-5.19E-01,-2.00E-12,2.32E+01,2.15E-08,,
1,1,442,2.00E+01,2.13E-08,2.32E+01,-5.17E-01,-1.00E-12,2.32E+01,2.13E-08,,
1,1,443,2.00E+01,2.11E-08,2.33E+01,-5.15E-01,-1.00E-12,2.33E+01,2.11E-08,,
1,1,444,2.00E+01,2.09E-08,2.33E+01,-5.13E-01,-1.00E-12,2.33E+01,2.09E-08,,
1,1,445,2.00E+01,2.07E-08,2.34E+01,-5.11E-01,0.00E+00,2.34E+01,2.07E-08,,
1,1,446,2.00E+01,2.06E-08,2.34E+01,-5.10E-01,0.00E+00,2.34E+01,2.06E-08,,
1,1,447,2.00E+01,2.04E-08,2.35E+01,-5.08E-01,-1.00E-12,2.35E+01,2.04E-08,,
1,1,448,2.00E+01,2.03E-08,2.35E+01,-5.06E-01,-1.00E-12,2.35E+01,2.03E-08,,
1,1,449,2.00E+01,2.01E-08,2.36E+01,-5.05E-01,0.00E+00,2.36E+01,2.01E-08,,
1,1,450,2.00E+01,2.00E-08,2.36E+01,-5.03E-01,0.00E+00,2.36E+01,2.00E-08,,
1,1,451,2.00E+01,1.98E-08,2.37E+01,-5.01E-01,-1.00E-12,2.37E+01,1.98E-08,,
1,1,452,2.00E+01,1.96E-08,2.37E+01,-4.99E-01,-1.00E-12,2.37E+01,1.96E-08,,
1,1,453,2.00E+01,1.95E-08,2.38E+01,-4.98E-01,0.00E+00,2.38E+01,1.95E-08,,
1,1,454,2.00E+01,1.93E-08,2.38E+01,-4.96E-01,0.00E+00,2.38E+01,1.93E-08,,
1,1,455,2.00E+01,1.93E-08,2.39E+01,-4.95E-01,-1.00E-12,2.39E+01,1.93E-08,,
1,1,456,2.00E+01,1.91E-08,2.39E+01,-4.94E-01,0.00E+00,2.39E+01,1.91E-08,,
1,1,457,2.00E+01,1.91E-08,2.40E+01,-4.92E-01,0.00E+00,2.40E+01,1.91E-08,,
1,1,458,2.00E+01,1.89E-08,2.40E+01,-4.90E-01,-1.00E-12,2.40E+01,1.89E-08,,
1,1,459,2.00E+01,1.88E-08,2.41E+01,-4.89E-01,0.00E+00,2.41E+01,1.88E-08,,
1,1,460,2.00E+01,1.87E-08,2.41E+01,-4.87E-01,0.00E+00,2.41E+01,1.87E-08,,
1,1,461,2.00E+01,1.86E-08,2.42E+01,-4.86E-01,0.00E+00,2.42E+01,1.86E-08,,
1,1,462,2.00E+01,1.85E-08,2.43E+01,-4.84E-01,0.00E+00,2.43E+01,1.85E-08,,
1,1,463,2.00E+01,1.85E-08,2.43E+01,-4.83E-01,-1.00E-12,2.43E+01,1.85E-08,,
1,1,464,2.00E+01,1.83E-08,2.44E+01,-4.82E-01,0.00E+00,2.44E+01,1.83E-08,,
1,1,465,2.00E+01,1.83E-08,2.44E+01,-4.81E-01,-1.00E-12,2.44E+01,1.83E-08,,
1,1,466,2.00E+01,1.82E-08,2.45E+01,-4.80E-01,0.00E+00,2.45E+01,1.82E-08,,
1,1,467,2.00E+01,1.82E-08,2.45E+01,-4.79E-01,-1.00E-12,2.45E+01,1.82E-08,,
1,1,468,2.00E+01,1.81E-08,2.46E+01,-4.78E-01,0.00E+00,2.46E+01,1.81E-08,,
1,1,469,2.00E+01,1.80E-08,2.46E+01,-4.77E-01,0.00E+00,2.46E+01,1.80E-08,,
1,1,470,2.00E+01,1.79E-08,2.47E+01,-4.76E-01,0.00E+00,2.47E+01,1.79E-08,,
1,1,471,2.00E+01,1.79E-08,2.47E+01,-4.75E-01,-1.00E-12,2.47E+01,1.79E-08,,
1,1,472,2.00E+01,1.78E-08,2.48E+01,-4.74E-01,0.00E+00,2.48E+01,1.78E-08,,
1,1,473,2.00E+01,1.77E-08,2.48E+01,-4.73E-01,-1.00E-12,2.48E+01,1.77E-08,,
1,1,474,2.00E+01,1.77E-08,2.49E+01,-4.72E-01,0.00E+00,2.49E+01,1.77E-08,,
1,1,475,2.00E+01,1.76E-08,2.49E+01,-4.71E-01,0.00E+00,2.49E+01,1.76E-08,,
1,1,476,2.00E+01,1.76E-08,2.50E+01,-4.71E-01,0.00E+00,2.50E+01,1.76E-08,,
1,1,477,2.00E+01,1.75E-08,2.50E+01,-4.70E-01,0.00E+00,2.50E+01,1.75E-08,,
1,1,478,2.00E+01,1.75E-08,2.51E+01,-4.69E-01,0.00E+00,2.51E+01,1.75E-08,,
1,1,479,2.00E+01,1.74E-08,2.51E+01,-4.68E-01,-1.00E-12,2.51E+01,1.74E-08,,
1,1,480,2.00E+01,1.74E-08,2.52E+01,-4.67E-01,0.00E+00,2.52E+01,1.74E-08,,
1,1,481,2.00E+01,1.73E-08,2.52E+01,-4.65E-01,0.00E+00,2.52E+01,1.73E-08,,
1,1,482,2.00E+01,1.73E-08,2.53E+01,-4.65E-01,0.00E+00,2.53E+01,1.73E-08,,
1,1,483,2.00E+01,1.72E-08,2.53E+01,-4.64E-01,-1.00E-12,2.53E+01,1.72E-08,,
1,1,484,2.00E+01,1.72E-08,2.54E+01,-4.63E-01,0.00E+00,2.54E+01,1.72E-08,,
1,1,485,2.00E+01,1.72E-08,2.54E+01,-4.62E-01,0.00E+00,2.54E+01,1.72E-08,,
1,1,486,2.00E+01,1.71E-08,2.55E+01,-4.61E-01,0.00E+00,2.55E+01,1.71E-08,,
1,1,487,2.00E+01,1.71E-08,2.55E+01,-4.60E-01,-1.00E-12,2.55E+01,1.71E-08,,
1,1,488,2.00E+01,1.70E-08,2.56E+01,-4.59E-01,-1.00E-12,2.56E+01,1.70E-08,,
1,1,489,2.00E+01,1.70E-08,2.56E+01,-4.59E-01,0.00E+00,2.56E+01,1.70E-08,,
1,1,490,2.00E+01,1.70E-08,2.57E+01,-4.58E-01,-1.00E-12,2.57E+01,1.70E-08,,
1,1,491,2.00E+01,1.69E-08,2.58E+01,-4.56E-01,-1.00E-12,2.58E+01,1.69E-08,,
1,1,492,2.00E+01,1.69E-08,2.58E+01,-4.56E-01,0.00E+00,2.58E+01,1.69E-08,,
1,1,493,2.00E+01,1.69E-08,2.58E+01,-4.55E-01,-1.00E-12,2.58E+01,1.69E-08,,
1,1,494,2.00E+01,1.68E-08,2.59E+01,-4.55E-01,0.00E+00,2.59E+01,1.68E-08,,
1,1,495,2.00E+01,1.68E-08,2.59E+01,-4.54E-01,-1.00E-12,2.59E+01,1.68E-08,,
1,1,496,2.00E+01,1.68E-08,2.60E+01,-4.53E-01,0.00E+00,2.60E+01,1.68E-08,,
1,1,497,2.00E+01,1.68E-08,2.61E+01,-4.53E-01,-1.00E-12,2.61E+01,1.68E-08,,
1,1,498,2.00E+01,1.67E-08,2.61E+01,-4.52E-01,0.00E+00,2.61E+01,1.67E-08,,
1,1,499,2.00E+01,1.67E-08,2.62E+01,-4.52E-01,0.00E+00,2.62E+01,1.67E-08,,
1,1,500,2.00E+01,1.67E-08,2.62E+01,-4.52E-01,0.00E+00,2.62E+01,1.67E-08,,
